{
    "name": "UNHCR Power Bi Theme",
    "dataColors": [
        "#0072BC",
        "#8EBEFF",
        "#18375F",
        "#00B398",
        "#666666",
        "#EF4A60",
        "#8395B9",
        "#E1CC0D"
    ],
    "bad": "#EF4A60",
    "neutral": "#E6E6E6",
    "good": "#0072BC",
    "minimum": "#EF4A60",
    "center": "#E6E6E6",
    "maximum": "#0072BC",
    "null": "#E6E6E6",
    "firstLevelElements": "#191919",
    "secondLevelElements": "#666666",
    "thirdLevelElements": "#CCCCCC",
    "fourthLevelElements": "#999999",
    "background": "#FFFFFF",
    "secondaryBackground": "#E6E6E6",
    "tableAccent": "#0072BC",
    "textClasses": {
        "callout": {
            "fontSize": 24,
            "fontFace": "'Arial Black'",
            "color": "#0072BC"
        },
        "header": {
            "fontSize": 10,
            "fontFace": "Arial",
            "color": "#000000"
        },
        "title": {
            "fontSize": 8,
            "fontFace": "Arial",
            "color": "#666666"
        },
        "largeTitle": {
            "fontSize": 9.5,
            "fontFace": "'Arial Black'",
            "color": "#000000"
        },
        "label": {
            "fontSize": 8,
            "fontFace": "Arial",
            "color": "#191919"
        }
    },
    "visualStyles": {
        "*": {
            "*": {
                "valueAxis": [
                    {
                        "show": true,
                        "labelColor": {
                            "solid": {
                                "color": {
                                    "expr": {
                                        "ThemeDataColor": {
                                            "ColorId": 1,
                                            "Percent": 0.1
                                        }
                                    }
                                }
                            }
                        },
                        "fontSize": 8,
                        "titleColor": {
                            "solid": {
                                "color": {
                                    "expr": {
                                        "ThemeDataColor": {
                                            "ColorId": 1,
                                            "Percent": 0.4
                                        }
                                    }
                                }
                            }
                        },
                        "titleFontSize": 8,
                        "titleFontFamily": "Arial",
                        "gridlineColor": {
                            "solid": {
                                "color": {
                                    "expr": {
                                        "ThemeDataColor": {
                                            "ColorId": 0,
                                            "Percent": -0.2
                                        }
                                    }
                                }
                            }
                        },
                        "gridlineStyle": "solid"
                    }
                ],
                "*": [
                    {
                        "fontSize": "9",
                        "fontFamily": "Arial",
                        "gridlineColor": {
                            "solid": {
                                "color": {
                                    "expr": {
                                        "ThemeDataColor": {
                                            "ColorId": 0,
                                            "Percent": -0.2
                                        }
                                    }
                                }
                            }
                        },
                        "labelColor": {
                            "solid": {
                                "color": {
                                    "expr": {
                                        "ThemeDataColor": {
                                            "ColorId": 1,
                                            "Percent": 0.1
                                        }
                                    }
                                }
                            }
                        },
                        "showAxisTitle": false,
                        "showTitle": true,
                        "titleFontSize": "9.5",
                        "titleFontFamily": "Arial Black",
                        "titleWrap": true,
                        "gridlineStyle": "solid"
                    }
                ],
                "legend": [
                    {
                        "labelColor": {
                            "solid": {
                                "color": {
                                    "expr": {
                                        "ThemeDataColor": {
                                            "ColorId": 1,
                                            "Percent": 0.1
                                        }
                                    }
                                }
                            }
                        },
                        "fontSize": 8,
                        "fontFamily": "Arial",
                        "showTitle": false
                    }
                ],
                "categoryAxis": [
                    {
                        "labelColor": {
                            "solid": {
                                "color": {
                                    "expr": {
                                        "ThemeDataColor": {
                                            "ColorId": 1,
                                            "Percent": 0.1
                                        }
                                    }
                                }
                            }
                        },
                        "fontSize": 8,
                        "fontFamily": "Arial",
                        "titleColor": {
                            "solid": {
                                "color": {
                                    "expr": {
                                        "ThemeDataColor": {
                                            "ColorId": 1,
                                            "Percent": 0.4
                                        }
                                    }
                                }
                            }
                        },
                        "titleFontSize": 8,
                        "titleFontFamily": "Arial",
                        "gridlineColor": {
                            "solid": {
                                "color": {
                                    "expr": {
                                        "ThemeDataColor": {
                                            "ColorId": 0,
                                            "Percent": -0.2
                                        }
                                    }
                                }
                            }
                        },
                        "gridlineStyle": "solid"
                    }
                ],
                "labels": [
                    {
                        "fontSize": 8,
                        "fontFamily": "Arial"
                    }
                ],
                "title": [
                    {
                        "show": true,
                        "titleWrap": true,
                        "fontColor": {
                            "solid": {
                                "color": {
                                    "expr": {
                                        "ThemeDataColor": {
                                            "ColorId": 1,
                                            "Percent": 0
                                        }
                                    }
                                }
                            }
                        },
                        "alignment": "Left",
                        "fontSize": "9.5",
                        "fontFamily": "Arial Black"
                    }
                ],
                "background": [
                    {
                        "show": false
                    }
                ],
                "border": [
                    {
                        "show": false
                    }
                ],
                "dropShadow": [
                    {
                        "show": false
                    }
                ]
            }
        },
        "card": {
			"*": {
				"labels": [{
					"color": { "solid": { "color": "#0072BC"}},
					"labelDisplayUnits": 0,
					"labelPrecision": 0,
					"fontSize": 24,
					"fontFamily": "'Arial Black'"
				}],
				"categoryLabels": [{
					"show": true,
					"color": { "solid": { "color": "#191919"}},
					"fontSize": 8,
					"fontFamily": "Arial"
				}]
			}
		},
        "multiRowCard": {
			"*": {
				"dataLabels": [{
					"color": { "solid": { "color": "#0072BC"}},
					"fontSize": 12,
					"fontFamily": "'Arial Black'"
				}],
				"categoryLabels": [{
					"show": true,
					"color": { "solid": { "color": "#191919"}},
					"fontSize": 8,
					"fontFamily": "Arial"
				}]
			}
		},
        "donutChart": {
			"*": {
				"legend": [{
					"show": false
				}],
				"labels": [{
					"show": true,
					"labelStyle": "Both",
					"color": { "solid": { "color": "#191919"}},
					"fontSize": 8,
					"fontFamily": "Arial",
					"position": "outside"
				}]
			}
		},
        "pieChart": {
			"*": {
				"legend": [{
					"show": false
				}],
				"labels": [{
					"show": true,
					"labelStyle": "Both",
					"color": { "solid": { "color": "#191919"}},
					"fontSize": 8,
					"fontFamily": "Arial",
					"position": "outside"
				}]
			}
		},
        "tableEx": {
			"*": {
                "columnHeaders": [{
					"fontSize": 8.5
				}],
				"values": [{
					"fontColorPrimary": { "solid": { "color": "#666666"}},
					"backColorPrimary": { "solid": { "color": "#FFFFFF"}},
					"fontColorSecondary": { "solid": { "color": "#666666"}},
					"backColorSecondary": { "solid": { "color": "#E6E6E6"}},
					"fontSize": 8
				}]
			}
		},
        "pivotTable": {
			"*": {
                "columnHeaders": [{
					"fontSize": 8.5
				}],
                "rowHeaders": [{
					"fontSize": 8
				}],
				"values": [{
					"fontColorPrimary": { "solid": { "color": "#666666"}},
					"backColorPrimary": { "solid": { "color": "#FFFFFF"}},
					"fontColorSecondary": { "solid": { "color": "#666666"}},
					"backColorSecondary": { "solid": { "color": "#E6E6E6"}},
					"fontSize": 8
				}],
                "subTotals": [{
					"fontSize": 8
				}],
                "total": [{
					"fontSize": 8
				}]
			}
		}
    }
}